TCGA-C8-A12T-01,Her2
TCGA-A8-A096-01,LumB
TCGA-A8-A07R-01,Basal
TCGA-AR-A1AH-01,Basal
TCGA-C8-A12X-01,LumA
TCGA-C8-A12Q-01,Her2
TCGA-BH-A0BP-01,LumA
TCGA-BH-A0E6-01,Basal
TCGA-AN-A04C-01,Her2
TCGA-B6-A0IJ-01,Basal
TCGA-A8-A07O-01,Basal
TCGA-A8-A099-01,LumA
TCGA-A8-A0A2-01,LumA
TCGA-A8-A094-01,Her2
TCGA-A8-A09R-01,LumB
TCGA-B6-A0RQ-01,Normal
TCGA-A8-A09N-01,LumB
TCGA-BH-A0DT-01,LumA
TCGA-BH-A0BG-01,Basal
TCGA-E2-A15O-01,LumA
TCGA-E2-A14T-01,LumA
TCGA-BH-A18R-11,Normal
TCGA-C8-A135-01,Her2
TCGA-A7-A0CD-01,LumA
TCGA-AN-A049-01,LumA
TCGA-A2-A0D3-01,LumA
TCGA-AO-A12D-01,Her2
TCGA-A2-A0T3-01,LumB
TCGA-E2-A15S-01,LumB
TCGA-A8-A09K-01,LumA
TCGA-AN-A0AM-01,LumB
TCGA-AO-A0J4-01,Basal
TCGA-BH-A0H5-11,Normal
TCGA-A8-A08B-01,Her2
TCGA-E2-A14O-01,LumB
TCGA-B6-A0X0-01,LumA
TCGA-B6-A0I5-01,LumA
TCGA-A8-A0A1-01,LumA
TCGA-AR-A0TY-01,LumB
TCGA-A2-A04Y-01,LumB
TCGA-B6-A0I2-01,Basal
TCGA-E2-A14R-01,Basal
TCGA-A8-A07B-01,LumA
TCGA-E2-A15G-01,LumA
TCGA-A8-A07J-01,LumA
TCGA-AO-A12A-01,LumA
TCGA-A2-A0ER-01,LumA
TCGA-BH-A18K-11,Normal
TCGA-E2-A15H-01,LumA
TCGA-A8-A07P-01,LumA
TCGA-BH-A0C7-01,LumB
TCGA-A8-A081-01,LumB
TCGA-BH-A18G-01,Basal
TCGA-C8-A138-01,Her2
TCGA-A8-A08L-01,Her2
TCGA-A8-A097-01,LumA
TCGA-A2-A0EV-01,LumA
TCGA-A8-A086-01,LumA
TCGA-A8-A07U-01,Basal
TCGA-A8-A0A4-01,LumA
TCGA-AN-A0AL-01,Basal
TCGA-AN-A046-01,LumA
TCGA-BH-A18N-01,LumA
TCGA-A8-A09B-01,LumA
TCGA-AN-A0FT-01,LumA
TCGA-C8-A12P-01,Her2
TCGA-BH-A18U-11,Normal
TCGA-C8-A12U-01,LumB
TCGA-A8-A082-01,LumB
TCGA-A7-A0CJ-01,LumB
TCGA-A1-A0SD-01,LumA
TCGA-C8-A12Y-01,LumA
TCGA-A8-A06O-01,LumB
TCGA-BH-A18H-01,LumA
TCGA-AN-A03Y-01,LumB
TCGA-D8-A146-01,LumA
TCGA-A8-A084-01,LumB
TCGA-B6-A0IO-01,LumA
TCGA-BH-A0HU-01,LumB
TCGA-A8-A06Q-01,LumB
TCGA-E2-A154-01,LumA
TCGA-AO-A0J3-01,LumB
TCGA-A8-A08X-01,Her2
TCGA-C8-A12V-01,Basal
TCGA-D8-A141-01,LumA
TCGA-B6-A0IE-01,LumA
TCGA-A2-A0CQ-01,LumA
TCGA-A8-A07L-01,LumB
TCGA-E2-A14W-01,LumB
TCGA-BH-A0EA-01,LumA
TCGA-A8-A091-01,LumA
TCGA-C8-A12K-01,Basal
TCGA-E2-A159-01,Basal
TCGA-A2-A04T-01,Basal
TCGA-A2-A0ET-01,LumA
TCGA-A8-A06U-01,LumA
TCGA-BH-A18P-01,Her2
TCGA-D8-A13Y-01,LumB
TCGA-AO-A03R-01,Normal
TCGA-A7-A0DA-01,Basal
TCGA-C8-A131-01,Basal
TCGA-BH-A0HQ-01,LumA
TCGA-BH-A0DL-01,Basal
TCGA-AQ-A04J-01,Basal
TCGA-C8-A132-01,LumA
TCGA-D8-A140-01,LumA
TCGA-E2-A14X-01,Basal
TCGA-C8-A130-01,LumB
TCGA-A2-A04P-01,Basal
TCGA-A2-A04U-01,Basal
TCGA-E2-A156-01,LumA
TCGA-AN-A0FX-01,Basal
TCGA-AN-A0FY-01,LumB
TCGA-A2-A0EM-01,LumA
TCGA-AN-A04A-01,LumA
TCGA-A7-A0CG-01,LumA
TCGA-A8-A08H-01,Normal
TCGA-BH-A0AV-01,Basal
TCGA-BH-A0EI-01,LumA
TCGA-AN-A0FL-01,Basal
TCGA-BH-A0DO-11,Normal
TCGA-A8-A09Q-01,LumB
TCGA-A2-A04W-01,Her2
TCGA-E2-A15M-11,Normal
TCGA-B6-A0IM-01,LumA
TCGA-A8-A09D-01,LumA
TCGA-AN-A0FD-01,LumA
TCGA-A2-A0CU-01,LumA
TCGA-AO-A0J7-01,LumB
TCGA-AO-A0J2-01,Her2
TCGA-A2-A0D0-01,Basal
TCGA-B6-A0RH-01,Her2
TCGA-AO-A12H-01,LumA
TCGA-A2-A0CS-01,LumA
TCGA-A8-A07C-01,Basal
TCGA-B6-A0I8-01,LumA
TCGA-A8-A09M-01,LumB
TCGA-A2-A0CW-01,LumB
TCGA-A8-A0AB-01,LumA
TCGA-B6-A0IP-01,LumA
TCGA-A2-A04N-01,LumA
TCGA-B6-A0WS-01,LumA
TCGA-A2-A0CV-01,LumA
TCGA-BH-A0DZ-01,LumA
TCGA-A8-A08Z-01,LumA
TCGA-AO-A0J9-01,LumA
TCGA-A8-A07I-01,Her2
TCGA-A8-A09G-01,Her2
TCGA-A8-A09I-01,LumB
TCGA-BH-A0BL-01,Basal
TCGA-AN-A0FV-01,Her2
TCGA-BH-A0BQ-11,Normal
TCGA-E2-A15A-06,LumB
TCGA-D8-A147-01,Basal
TCGA-A8-A095-01,LumB
TCGA-BH-A0DX-01,LumA
TCGA-A2-A0CM-01,Basal
TCGA-AN-A0FJ-01,Basal
TCGA-A2-A0EO-01,LumA
TCGA-A2-A0D2-01,Basal
TCGA-A8-A09A-01,LumA
TCGA-AO-A0J5-01,LumA
TCGA-AN-A0FW-01,LumA
TCGA-A8-A08J-01,Her2
TCGA-A8-A06T-01,LumA
TCGA-B6-A0IN-01,LumB
TCGA-C8-A12M-01,LumB
TCGA-A2-A0EW-01,LumA
TCGA-D8-A145-01,LumA
TCGA-AN-A0FZ-01,LumA
TCGA-E2-A10A-01,LumA
TCGA-BH-A0W7-01,LumA
TCGA-BH-A0AY-01,LumA
TCGA-BH-A0HO-01,LumA
TCGA-BH-A0B0-01,LumA
TCGA-A8-A06Y-01,LumA
TCGA-A8-A0A9-01,LumA
TCGA-BH-A0EE-01,Her2
TCGA-AN-A0FN-01,LumA
TCGA-B6-A0IG-01,LumA
TCGA-E2-A14Z-01,LumA
TCGA-B6-A0I9-01,Her2
TCGA-A8-A07E-01,LumA
TCGA-A8-A08T-01,LumA
TCGA-E2-A15D-01,LumA
TCGA-A8-A08S-01,LumB
TCGA-AN-A0FK-01,LumA
TCGA-E2-A15P-01,LumA
TCGA-A8-A08R-01,Basal
TCGA-BH-A18L-01,LumB
TCGA-AN-A0AT-01,Basal
TCGA-AR-A0TS-01,Basal
TCGA-AN-A0G0-01,Basal
TCGA-BH-A0BW-11,Normal
TCGA-A8-A09T-01,LumA
TCGA-A2-A0EQ-01,Her2
TCGA-C8-A12Z-01,Her2
TCGA-A8-A07G-01,LumA
TCGA-AO-A03V-01,LumA
TCGA-A2-A0D1-01,Her2
TCGA-BH-A0BR-01,LumA
TCGA-AO-A0J8-01,LumA
TCGA-D8-A143-01,Basal
TCGA-A2-A0CP-01,LumA
TCGA-A8-A06Z-01,LumB
TCGA-C8-A12W-01,LumB
TCGA-AO-A03O-01,LumB
TCGA-D8-A142-01,Basal
TCGA-AN-A0AJ-01,LumB
TCGA-C8-A137-01,Her2
TCGA-C8-A12L-01,Her2
TCGA-BH-A0C1-01,LumA
TCGA-AO-A03T-01,Normal
TCGA-AN-A0FS-01,LumA
TCGA-AN-A04D-01,Basal
TCGA-A8-A06P-01,LumA
TCGA-A8-A06R-01,LumB
TCGA-C8-A12O-01,LumA
TCGA-A2-A04Q-01,Basal
TCGA-E2-A14Y-01,Basal
TCGA-BH-A18I-01,LumA
TCGA-C8-A134-01,Basal
TCGA-AO-A0J6-01,Basal
TCGA-BH-A18T-01,Basal
TCGA-E2-A150-01,Basal
TCGA-A2-A0D4-01,LumB
TCGA-BH-A0B4-01,LumA
TCGA-AO-A12F-01,Basal
TCGA-A8-A076-01,LumB
TCGA-A8-A093-01,LumA
TCGA-A2-A0CZ-01,Normal
TCGA-A8-A090-01,LumA
TCGA-E2-A15R-01,LumA
TCGA-E2-A152-01,Her2
TCGA-B6-A0IQ-01,Basal
TCGA-AN-A041-01,LumA
TCGA-A8-A07F-01,LumA
TCGA-A8-A07S-01,LumB
TCGA-BH-A0E9-01,LumA
TCGA-A8-A085-01,LumB
TCGA-A8-A079-01,LumB
TCGA-A8-A09X-01,Her2
TCGA-A2-A0EX-01,LumA
TCGA-B6-A0IC-01,LumA
TCGA-A8-A092-01,LumB
TCGA-A8-A08I-01,LumB
TCGA-B6-A0IA-01,LumA
TCGA-AN-A0FF-01,LumB
TCGA-A2-A0CL-01,Normal
TCGA-E2-A155-01,LumB
TCGA-A8-A08G-01,LumB
TCGA-BH-A0E7-01,LumA
TCGA-B6-A0IB-01,LumB
TCGA-E2-A153-01,LumA
TCGA-A8-A06N-01,LumB
TCGA-C8-A133-01,LumA
TCGA-A2-A0ES-01,LumA
TCGA-A8-A083-01,LumA
TCGA-D8-A13Z-01,Her2
TCGA-A2-A0EY-01,LumB
TCGA-E2-A15C-01,LumA
TCGA-E2-A14Q-01,LumA
TCGA-BH-A0BV-01,LumA
TCGA-BH-A0HW-01,LumB
TCGA-A2-A04X-01,Her2
TCGA-B6-A0I6-01,Basal
TCGA-AN-A03X-01,LumA
TCGA-AN-A0AK-01,LumB
TCGA-B6-A0IH-01,LumA
TCGA-A8-A0A7-01,Her2
TCGA-E2-A14V-01,Her2
TCGA-A8-A07W-01,LumB
TCGA-AN-A0AS-01,LumA
TCGA-E2-A14P-01,Her2
TCGA-BH-A0BD-01,LumB
TCGA-C8-A12N-01,LumA
TCGA-A2-A04V-01,LumA
